{"G#": [0.1841382384300232, -0.029065560549497604, -0.6596870422363281, -0.12542982399463654, -0.47565534710884094, 0.04316415265202522, -0.09770515561103821, 0.6700213551521301, -0.480123370885849, 0.5739179253578186], "D#": [0.1472000926733017, 0.10733193904161453, -0.6963777542114258, -0.10781515389680862, -0.606249988079071, -0.037762679159641266, -0.3264681398868561, 0.7634761333465576, -0.3060319125652313, 0.6596298813819885], "C#": [0.3046792447566986, 0.32716652750968933, -0.8969427943229675, -0.39044180512428284, -0.8102712631225586, -0.3461097478866577, -0.46733754873275757, 0.9487947821617126, -0.18511149287223816, 0.8398169279098511], "A#": [-0.7462579011917114, -0.43468329310417175, 0.16151222586631775, 0.11503314971923828, 0.5400885343551636, 0.8821629881858826, 0.308717280626297, -0.07096679508686066, -0.33021360635757446, 0.08524014800786972], "Gm": [-0.7064464092254639, -0.09778309613466263, -0.26399603486061096, -0.06888066977262497, 0.29075077176094055, 0.696496307849884, -0.05337448790669441, 0.11504030227661133, -0.10135409235954285, 0.5138511657714844], "Cm": [-0.6929050087928772, -0.6298040151596069, 0.19739528000354767, 0.19778889417648315, 0.5764296054840088, 0.9466949105262756, 0.4443662762641907, -0.12063416093587875, -0.483177125453949, -0.06340299546718597], "F": [-0.5116172432899475, -0.1538599282503128, 0.03224964439868927, 0.5212463736534119, 0.10118931531906128, 0.7310009002685547, 0.15334664285182953, 0.05471842363476753, -0.2343491166830063, 0.14003780484199524], "Gm7": [0.03864999860525131, -0.3286933898925781, -0.16398148238658905, 0.1160045936703682, 0.345734179019928, 0.3472888469696045, 0.041357215493917465, -0.03784564882516861, -0.4264923334121704, 0.031439799815416336], "Cm7": [-0.06691579520702362, -0.5203417539596558, 0.14344391226768494, 0.287518709897995, 0.582692563533783, 0.4575174152851105, 0.3664456903934479, -0.184708833694458, -0.5979714393615723, -0.2705545127391815], "D": [0.08145450800657272, -0.49598416686058044, 0.27856019139289856, 0.22188112139701843, 0.36376431584358215, 0.08966623246669769, 0.5771390795707703, -0.2525845468044281, -0.4418710172176361, -0.5197753310203552], "Dm7": [-0.17959818243980408, -0.18023718893527985, -0.1895160973072052, 0.20250894129276276, 0.18278416991233826, 0.4045831263065338, -0.018514160066843033, 0.03725195676088333, -0.2737979590892792, 0.1581171154975891], "C": [0.5311020016670227, -0.6934647560119629, 0.08608107268810272, -0.15310056507587433, 0.73056560754776, -0.3274094760417938, 0.5235413312911987, -0.5188946723937988, -0.6380030512809753, -0.6066266894340515], "D7": [-0.30904367566108704, 0.11640873551368713, -0.3352428078651428, 0.24818828701972961, 0.04803939536213875, 0.5110774040222168, -0.18870317935943604, 0.2578905522823334, -0.21273960173130035, 0.44965416193008423], "Fm7": [-0.5014384388923645, -0.6428284645080566, 0.1417718529701233, 0.07340098917484283, 0.7185665369033813, 0.6717956066131592, 0.4501684904098511, -0.237708181142807, -0.590415894985199, -0.05137120932340622], "A#maj7": [0.04292269051074982, -0.0657666027545929, -0.3744293451309204, 0.01773699000477791, 0.1974484622478485, 0.2651859223842621, -0.17956151068210602, 0.15764185786247253, -0.4223499596118927, 0.3385041058063507], "A#m": [-0.7323408126831055, 0.23294314742088318, 1.097759485244751, 0.5004289150238037, 0.7122535109519958, 0.40625667572021484, 0.05714010074734688, -1.0026068687438965, 0.8149739503860474, -0.6347665786743164], "D#7": [-0.5999351739883423, 0.054319486021995544, 0.6099302768707275, -0.017537986859679222, 0.7241119742393494, 0.32466989755630493, -0.0022529156412929296, -0.7262381911277771, 0.4773768484592438, -0.24483057856559753], "C#m": [-0.6146147847175598, 0.5166285037994385, 0.774500846862793, 0.24230225384235382, 0.5176780223846436, 0.27156978845596313, -0.3604013919830322, -0.8171107172966003, 0.8966639041900635, -0.23175665736198425], "B": [-0.93120938539505, 0.9068741202354431, 0.7849861979484558, 0.4404272735118866, 0.16033966839313507, 0.5409910678863525, -0.6207253932952881, -0.5227401852607727, 1.1694666147232056, 0.1174640879034996], "Dm": [-0.4263080358505249, 0.26112446188926697, 0.03540961444377899, 0.35972920060157776, -0.25101423263549805, 0.2906685173511505, -0.041643958538770676, 0.08810905367136002, 0.37413135170936584, 0.1451110541820526], "Em7": [-0.620086669921875, 0.25989627838134766, 0.26413029432296753, 0.5764877200126648, -0.5433192849159241, 0.5487101674079895, 0.2248237580060959, 0.38396525382995605, 0.29792049527168274, 0.1584588587284088], "A7": [-0.6746072173118591, 0.0276566743850708, 0.3831544816493988, 0.7005950808525085, -0.6438950300216675, 0.7754231095314026, 0.44302794337272644, 0.38257095217704773, 0.1693701148033142, -0.06598878651857376], "C#maj7": [-0.5579250454902649, -0.3853406310081482, 0.1168050542473793, -0.09037775546312332, 0.3442421555519104, 0.49002134799957275, 0.2718116343021393, -0.20755280554294586, -0.11496061086654663, 0.0016890460392460227], "Bm7": [-0.5032344460487366, 0.13860437273979187, 0.29228299856185913, 0.579415500164032, -0.5224389433860779, 0.5354991555213928, 0.2752760350704193, 0.3717294931411743, 0.19243532419204712, 0.10614168643951416], "G#m": [-0.16554217040538788, -0.2890830934047699, 0.12125237286090851, 0.33117061853408813, 0.029281320050358772, 0.3394194543361664, 0.4851846992969513, -0.015397747978568077, -0.2437853068113327, -0.23962289094924927], "F#": [-0.7689037322998047, -0.2989688515663147, 0.17595848441123962, 0.11142105609178543, 0.42934533953666687, 0.7422217726707458, 0.279784232378006, -0.13465742766857147, -0.15764650702476501, 0.18028977513313293], "E": [-0.3733721971511841, 0.04959608614444733, 0.062160562723875046, 0.3350757360458374, -0.06351947784423828, 0.3791031539440155, 0.1256485879421234, 0.048651594668626785, 0.09189178049564362, 0.11116767674684525], "D#m": [-0.23414859175682068, -0.20568358898162842, 0.25704821944236755, 0.3033401370048523, 0.0676468089222908, 0.3353160619735718, 0.3466346561908722, -0.21815894544124603, -0.002814626321196556, -0.24115554988384247], "G": [0.26692840456962585, -0.3779500722885132, 0.41315847635269165, 0.12771141529083252, 0.20705026388168335, -0.13545510172843933, 0.5524287223815918, -0.2335384041070938, -0.14292898774147034, -0.6483417749404907], "Gmaj7": [-0.5128160715103149, 0.0027995200362056494, 0.35740095376968384, 0.5293739438056946, -0.5715663433074951, 0.5608037710189819, 0.41983726620674133, 0.45423662662506104, 0.09908392280340195, -0.06250152736902237], "F#m7": [-0.37276944518089294, -0.0813063234090805, 0.34647616744041443, 0.4438173174858093, -0.47654473781585693, 0.41432324051856995, 0.37399131059646606, 0.339033305644989, 0.04705426096916199, -0.11773605644702911], "A": [0.8759765625, -0.9305111765861511, 0.5159434676170349, -0.40308165550231934, 0.7098912000656128, -0.6390324831008911, 0.961306631565094, -0.8216093182563782, -0.6926007270812988, -1.112045168876648], "Bm": [0.45108336210250854, -0.5945178270339966, 0.4358223080635071, -0.06932089477777481, 0.37388062477111816, -0.2705439329147339, 0.641918957233429, -0.38834381103515625, -0.3195462226867676, -0.8233981728553772], "F#7": [-0.5581985712051392, -0.19682329893112183, 0.5052382349967957, 0.6689156889915466, -0.4770883023738861, 0.6829977631568909, 0.6691115498542786, 0.29392871260643005, -0.06034873053431511, -0.22069616615772247], "Dmaj7": [-0.5059148073196411, -0.20648662745952606, 0.4395386576652527, 0.6350336074829102, -0.5604277849197388, 0.5860898494720459, 0.5399439334869385, 0.39245733618736267, -0.06107890233397484, -0.22074171900749207], "F#m": [-0.7939906716346741, 0.05255240201950073, 0.49098849296569824, 0.8255546689033508, -0.7629641890525818, 0.9394747614860535, 0.4829952120780945, 0.5495020747184753, 0.07219140976667404, 0.03142119199037552],