{"capo": {"-1": [-0.07792773097753525, -0.060524653643369675, 0.07726976275444031, -0.02385975979268551, 0.04562262445688248], "-2": [-0.01262444257736206, 0.02286733314394951, 0.05109073221683502, 0.09203898161649704, -0.1305168867111206], "-3": [-0.1581263691186905, 0.06912362575531006, 0.051874157041311264, -0.05105556175112724, -0.04609163850545883], "-4": [-0.011947999708354473, 0.15394474565982819, 0.036029472947120667, 0.04824259132146835, -0.10671638697385788], "-5": [0.02861279994249344, -0.04811745136976242, -0.11284653842449188, -0.010652131401002407, -0.1007041409611702], "0": [0.01945549063384533, -0.07956021279096603, 0.08099450170993805, 0.07825532555580139, -0.10778560489416122], "1": [-0.0443434901535511, 0.10406459867954254, -0.1490936130285263, -0.12279641628265381, 0.14582769572734833]}, "chord": {"A": [-0.7326207756996155, -0.0027221699710935354, 0.8521740436553955, 1.2636363506317139, 0.8719007968902588], "G": [0.11098378896713257, -0.5909028053283691, 0.483925461769104, 0.4572806656360626, -0.6241684556007385], "D": [0.8860977292060852, -0.7002915143966675, -0.48600542545318604, -0.6639878749847412, -0.4677703380584717], "C": [0.4055735170841217, -0.44356289505958557, 0.348337858915329, 0.22145839035511017, -0.26287180185317993], "Em": [-0.9240041375160217, -0.23815320432186127, -0.03016757033765316, 1.7355846166610718, 0.8787586688995361], "Bm": [-0.4480680823326111, -1.047473430633545, -0.7115663290023804, 1.3004213571548462, 0.8265218138694763], "B": [-0.18528157472610474, -1.3719756603240967, 0.5951914191246033, 1.7208387851715088, 0.858518660068512], "Am7": [0.38820791244506836, -0.6351301670074463, -1.8276914358139038, 0.5576428174972534, -0.30679360032081604], "Em7": [0.41462212800979614, -0.5117977261543274, -1.8421083688735962, 0.4674971401691437, -0.2973621189594269], "F": [0.92818284034729, 0.18209485709667206, -0.26552605628967285, -0.9800336956977844, -1.0086371898651123], "Am": [0.4043927788734436, 0.8669922947883606, 0.8872343897819519, -1.4591082334518433, -1.0541073083877563], "Dm": [-1.1022789478302002, 1.1808485984802246, 0.40365689992904663, 0.39144814014434814, 0.49990442395210266], "E": [-0.41724467277526855, 1.3015334606170654, -0.9960897564888, -0.6596981883049011, 1.2322783470153809], "Dmaj7": [-0.34033215045928955, 0.6574110984802246, -0.6334784030914307, -0.6781359314918518, 0.39775681495666504], "C#m7": [0.4760152995586395, 0.6787989139556885, -0.9816036820411682, -0.7806984782218933, 0.5963982939720154], "F#m7": [0.16060464084148407, 0.9653597474098206, -0.9381558895111084, -0.9775404930114746, 0.8502293229103088], "C#m": [0.26261597871780396, 0.8476934432983398, -0.997130274772644, -0.7529385685920715, 0.5584379434585571], "F#": [-0.8652094602584839, 1.0927690267562866, -0.5467658638954163, -0.628368616104126, 0.9278518557548523], "F#m": [0.17117038369178772, 1.1033234596252441, -1.1835535764694214, -1.0465421676635742, 0.8428268432617188], "C#": [-0.8030223250389099, 0.9774855971336365, -0.6225784420967102, -0.5349773168563843, 0.7461169958114624], "Emaj7": [-0.15799954533576965, 0.46586304903030396, -0.5415623188018799, -0.5639691948890686, 0.14204256236553192], "G#m": [0.7589219212532043, 0.4019521474838257, -0.8005415201187134, -0.6290121078491211, 0.4191526472568512], "B7": [0.590925395488739, 1.1147969961166382, -0.9711760878562927, -0.8396225571632385, 1.015501618385315], "G#": [0.10409782826900482, 0.8125672340393066, -0.7870625257492065, -0.45471808314323425, 0.9011106491088867], "Dm7": [0.5167822241783142, 0.8426038026809692, -1.0314412117004395, -0.6179884672164917, 0.946502685546875], "A#": [0.3199099898338318, 0.816183865070343, -1.1748534440994263, -0.64027339220047, 0.8154101967811584], "Gm7": [0.8103912472724915, 0.7280803918838501, -0.9556728601455688, -0.7011197209358215, 0.7539777159690857], "Gm": [-0.3599054217338562, 0.6170699596405029, 1.149109959602356, 0.6837753057479858, -0.28404170274734497], "C#maj7": [-0.6742492318153381, 0.43380245566368103, 0.13176484405994415, 0.09349768608808517, 0.5573733448982239], "A#m7": [-0.720095157623291, 0.45833858847618103, 0.15096677839756012, 0.09202687442302704, 0.5935817360877991], "D#": [-0.6822919249534607, 0.7047138810157776, -0.1634933203458786, -0.15518958866596222, 0.6202527284622192], "Fm": [-0.8993750214576721, 0.7508659958839417, -0.2275223582983017, -0.07381698489189148, 0.8045160174369812], "G#maj7": [-0.9829479455947876, 0.7634782195091248, 0.0678318664431572, -0.08766014128923416, 0.7942126393318176], "Fm7": [-0.5849196314811707, 0.35208868980407715, 0.06631540507078171, 0.1843145191669464, 0.43381232023239136], "Cm7": [-0.7823960781097412, 0.47168388962745667, -0.031210072338581085, 0.10891129821538925, 0.553019106388092], "C7": [-0.8759896755218506, 0.8070331811904907, -0.1045866534113884, 0.021637696772813797, 0.9506717324256897], "D#m7": [-0.8426603078842163, 0.6064542531967163, 0.27151110768318176, 0.02391127496957779, 0.6110623478889465], "G#7": [-0.7888777852058411, 0.5949043035507202, 0.09339146316051483, 0.20119209587574005, 0.6317188739776611], "C#7": [-0.9534062743186951, 0.6277101039886475, 0.26033779978752136, 0.15461891889572144, 0.6767066121101379], "D#m": [0.06050599738955498, -0.026560984551906586, 0.12924954295158386, 0.07377754151821136, -0.013136832043528557], "A#7": [0.18209514021873474, -0.21348799765110016, -0.04985456541180611, 0.06816589832305908, -0.26074424386024475], "F7": [0.14667898416519165, -0.19025468826293945, 0.024642515927553177, 0.03140537440776825, -0.11088812351226807], "Bmaj7": [0.12428586184978485, -0.22869470715522766, 0.13452352583408356, 0.07025805860757828, -0.15159200131893158], "A7": [-0.13762083649635315, 0.0920998826622963, -0.19665668904781342, 0.013805177994072437, 0.06146305426955223], "A#m": [0.10115273296833038, -0.27527058124542236, 0.08862750977277756, 0.11396296322345734, -0.16653187572956085], "G#m7": [0.05877060443162918, -0.2406591922044754, 0.18805544078350067, 0.2597922384738922, -0.22661210596561432], "F#7": [0.023435719311237335, -0.0063717179000377655, 0.011953067034482956, -0.08656758815050125, -0.04356302320957184], "Bm7": [-0.10811424255371094, 0.03113948367536068, 0.07981818169355392, 0.09261173754930496, -0.06760744005441666], "Gmaj7": [-0.06589044630527496, 0.11070559918880463, -0.07915841042995453, 0.02236778847873211, 0.09711632132530212], "Cm": [-0.1681789606809616, 0.3059217035770416, -0.25333914160728455, -0.2363148182630539, 0.16649529337882996], "E7": [-0.058756712824106216, 0.2024606466293335, -0.18992182612419128, -0.10232051461935043, 0.19370321929454803], "Fmaj7": [-0.1556491255760193, 0.07806061953306198, -0.0855833888053894, 0.12546248733997345, 0.04742123931646347], "D7": [-0.041669365018606186, 0.09986641258001328, -0.05957675352692604, -0.09197185933589935, 0.14437691867351532], "Cmaj7": [-0.09327612072229385, 0.2853509187698364, -0.14216117560863495, -0.10961731523275375, 0.22233901917934418], "A#maj7": [-0.04906754940748215, -0.0015734357293695211, -0.05890190601348877, 0.03877867013216019, 0.11225204169750214], "F#maj7": [0.11023326963186264, -0.3390764594078064, -0.008809779770672321, 0.06547708064317703, -0.124421626329422], "D#maj7": [-0.0028369855135679245, 0.06350941210985184, -0.07605351507663727, -0.0058470796793699265, 0.0003814535157289356], "D#7": [0.21264635026454926, -0.2867157459259033, 0.1176091879606247, 0.0458841435611248, -0.314334899187088], "G7": [-0.2194109708070755, 0.2728518843650818, -0.23026257753372192, -0.048584096133708954, 0.05716882646083832], "Amaj7": [-0.011530289426445961, -0.0912160575389862, 0.020189108327031136, 0.06510826200246811, -0.24951916933059692]}}