{"A": [0.34339413046836853, -0.9665287733078003], "G": [0.21486404538154602, 0.10011371225118637], "D": [0.19087406992912292, 0.8238429427146912], "C": [0.24967169761657715, 0.1706295758485794], "Em": [-0.41869351267814636, -1.5641580820083618], "Bm": [-0.5677197575569153, -1.1765077114105225], "B": [0.3963823616504669, -0.5298994183540344], "Am7": [-1.0306096076965332, -0.9709510207176208], "Em7": [-0.9244668483734131, -0.7677745819091797], "F": [0.31838807463645935, 0.766731321811676], "Am": [0.5501980185508728, 1.0463898181915283], "Dm": [-0.27122876048088074, -1.164387583732605], "E": [-0.8139747381210327, 0.2987241744995117], "Dmaj7": [-0.3971872329711914, -0.6598735451698303], "C#m7": [-0.04274072125554085, 0.20607583224773407], "F#m7": [-0.10152037441730499, 0.1515667885541916], "C#m": [-0.13834360241889954, 0.03864787146449089], "F#": [-0.7875626683235168, -0.02419617399573326], "F#m": [-0.37702107429504395, 0.32786473631858826], "C#": [-0.6598378419876099, -0.17551253736019135], "Emaj7": [-0.3012229800224304, -0.7678024768829346], "G#m": [0.2661181092262268, 0.5640172958374023], "B7": [-0.14370591938495636, 0.7347710132598877], "G#": [-0.28092625737190247, 0.8307924866676331], "Dm7": [0.013368112966418266, 0.6886011362075806], "A#": [-0.17471027374267578, 0.42701318860054016], "Gm7": [0.11503381282091141, 0.6063588261604309], "Gm": [0.1845373958349228, -0.5600727200508118], "C#maj7": [-0.7599784731864929, 0.4757915437221527], "A#m7": [-0.7122982740402222, 0.6775538921356201], "D#": [-0.7078253030776978, 0.3269776403903961], "Fm": [-0.9421377182006836, 0.4276167154312134], "G#maj7": [-0.9636277556419373, 0.9281507134437561], "Fm7": [-0.642972469329834, 0.3329922556877136], "Cm7": [-0.7729982733726501, 0.3289757966995239], "C7": [-0.9042017459869385, 0.6951702237129211], "D#m7": [-0.9995570778846741, 0.8112659454345703], "G#7": [-0.7916108965873718, 0.9521487355232239], "C#7": [-1.1158710718154907, 0.9660884141921997], "D#m": [-0.03224698081612587, -0.07757965475320816], "A#7": [0.09036598354578018, -0.2562378942966461], "F7": [-0.02134793810546398, -0.2564898133277893], "Bmaj7": [0.12458884716033936, -0.23654897511005402], "A7": [0.12125635147094727, -0.26063960790634155], "A#m": [0.2929447293281555, -0.33966079354286194], "G#m7": [0.2493792027235031, -0.24346230924129486], "F#7": [-0.04033742845058441, -0.04244351014494896], "Bm7": [0.17037425935268402, 0.06044330447912216], "Gmaj7": [-0.06908278912305832, 0.08856114745140076], "Cm": [0.13286800682544708, -0.27186349034309387], "E7": [0.1061977967619896, -0.17535366117954254], "Fmaj7": [0.13949202001094818, -0.25160953402519226], "D7": [-0.034043267369270325, -0.1186075285077095], "Cmaj7": [-0.014657771214842796, -0.23900106549263], "A#maj7": [-0.14359807968139648, -0.16764841973781586], "F#maj7": [0.1715983748435974, -0.3069203495979309], "D#maj7": [0.05286640301346779, -0.0842597708106041], "D#7": [0.4920192062854767, -0.4882014989852905], "G7": [-0.08550122380256653, -0.1724858582019806], "Amaj7": [0.10329077392816544, -0.19257543981075287]}